model, accuracy, precision, recall
LGBMClassifier(),0.8724114896459586,0.5333333333333333,0.2337992376111817
LGBMClassifier(),0.8724114896459586,0.5333333333333333,0.2337992376111817
LGBMClassifier(),0.8724114896459586,0.5333333333333333,0.2337992376111817
LGBMClassifier(),0.8724114896459586,0.5333333333333333,0.2337992376111817
LGBMClassifier(),0.8724114896459586,0.5333333333333333,0.2337992376111817
LGBMClassifier(),0.8724114896459586,0.5333333333333333,0.2337992376111817
LGBMClassifier(),0.8724114896459586,0.5333333333333333,0.2337992376111817
